"日期","收盘","开盘","高","低","交易量","涨跌幅"
"2020年2月15日","9,907.7","10,336.0","10,369.8","9,831.7","808.81K","-4.12%"
"2020年2月14日","10,333.0","10,235.5","10,372.4","10,125.2","732.51K","0.96%"
"2020年2月13日","10,235.1","10,321.9","10,482.6","10,116.9","940.30K","-0.80%"
"2020年2月12日","10,317.7","10,229.3","10,435.6","10,229.3","803.25K","0.86%"
"2020年2月11日","10,229.5","9,854.0","10,314.1","9,725.1","791.28K","3.81%"
"2020年2月10日","9,854.1","10,151.5","10,181.7","9,774.8","781.22K","-2.93%"
"2020年2月9日","10,151.5","9,895.4","10,157.1","9,882.7","617.35K","2.59%"
"2020年2月8日","9,895.5","9,817.3","9,931.2","9,673.2","551.31K","0.78%"
"2020年2月7日","9,818.6","9,771.9","9,872.5","9,738.7","608.96K","0.48%"
"2020年2月6日","9,772.0","9,611.8","9,854.9","9,536.1","778.67K","1.67%"
"2020年2月5日","9,611.8","9,194.1","9,726.8","9,179.9","771.46K","4.54%"
"2020年2月4日","9,193.9","9,296.5","9,347.5","9,193.9","651.68K","-1.10%"
"2020年2月3日","9,296.6","9,334.6","9,582.8","9,243.1","701.39K","-0.41%"
"2020年2月2日","9,334.9","9,381.5","9,465.4","9,183.1","683.37K","-0.50%"
"2020年2月1日","9,381.6","9,349.3","9,458.8","9,301.5","458.42K","0.35%"
"2020年1月31日","9,349.1","9,508.3","9,525.0","9,222.3","633.37K","-1.66%"
"2020年1月30日","9,507.3","9,299.1","9,569.0","9,209.2","765.21K","2.24%"
"2020年1月29日","9,298.9","9,377.3","9,428.7","9,250.9","749.88K","-0.84%"
"2020年1月28日","9,377.3","8,866.6","9,389.5","8,866.6","954.20K","5.76%"
"2020年1月27日","8,866.6","8,608.1","8,983.1","8,585.6","706.45K","3.01%"
"2020年1月26日","8,607.8","8,341.6","8,607.8","8,304.9","468.34K","3.19%"
"2020年1月25日","8,341.6","8,439.9","8,447.6","8,277.2","444.00K","-1.17%"
"2020年1月24日","8,439.9","8,404.9","8,522.0","8,242.6","617.02K","0.41%"
"2020年1月23日","8,405.1","8,678.5","8,687.3","8,309.6","722.67K","-3.15%"
"2020年1月22日","8,678.5","8,733.0","8,805.4","8,610.8","509.06K","-0.62%"
"2020年1月21日","8,732.6","8,642.0","8,770.3","8,524.0","540.20K","1.05%"
"2020年1月20日","8,641.9","8,705.7","8,740.1","8,539.2","599.06K","-0.74%"
"2020年1月19日","8,706.2","8,916.3","9,183.7","8,552.8","975.01K","-2.36%"
"2020年1月18日","8,916.3","8,913.0","8,982.3","8,814.6","627.74K","0.04%"
"2020年1月17日","8,913.1","8,726.7","9,005.1","8,675.9","794.11K","2.13%"
"2020年1月16日","8,726.9","8,818.1","8,850.0","8,605.8","748.32K","-1.04%"
"2020年1月15日","8,818.3","8,827.9","8,904.0","8,615.5","1.17M","-0.12%"
"2020年1月14日","8,829.2","8,111.2","8,898.7","8,111.2","1.48M","8.85%"
"2020年1月13日","8,111.4","8,188.3","8,196.7","8,068.4","610.66K","-0.93%"
"2020年1月12日","8,187.6","8,023.3","8,189.9","7,973.1","595.22K","2.04%"
"2020年1月11日","8,024.1","8,187.8","8,262.9","8,008.4","776.75K","-1.99%"
"2020年1月10日","8,187.1","7,842.5","8,187.4","7,697.7","1.05M","4.40%"
"2020年1月9日","7,842.4","8,060.0","8,065.9","7,779.2","786.50K","-2.70%"
"2020年1月8日","8,059.6","8,154.2","8,436.4","7,900.8","1.19M","-1.18%"
"2020年1月7日","8,155.7","7,759.1","8,182.0","7,754.1","1.01M","5.11%"
"2020年1月6日","7,759.1","7,372.6","7,783.1","7,366.7","786.75K","5.24%"
"2020年1月5日","7,372.5","7,376.8","7,501.0","7,345.6","628.14K","-0.06%"
"2020年1月4日","7,376.8","7,345.1","7,433.1","7,291.4","523.91K","0.46%"
"2020年1月3日","7,343.1","6,967.1","7,402.9","6,884.1","936.29K","5.40%"
"2020年1月2日","6,967.0","7,199.7","7,209.6","6,901.4","632.78K","-3.23%"
"2020年1月1日","7,199.8","7,196.4","7,259.4","7,180.0","420.28K","0.05%"
"2019年12月31日","7,196.4","7,261.5","7,331.0","7,167.4","586.60K","-0.90%"
"2019年12月30日","7,261.8","7,397.5","7,420.9","7,244.1","606.11K","-1.84%"
"2019年12月29日","7,397.5","7,321.6","7,518.9","7,303.0","611.69K","1.04%"
"2019年12月28日","7,321.5","7,261.9","7,375.9","7,256.5","610.96K","0.82%"
"2019年12月27日","7,261.7","7,210.8","7,293.8","7,128.5","718.07K","0.70%"
"2019年12月26日","7,210.9","7,225.0","7,414.3","7,177.3","795.09K","-0.19%"
"2019年12月25日","7,224.8","7,268.3","7,542.4","7,150.9","625.41K","-0.60%"
"2019年12月24日","7,268.3","7,322.4","7,433.2","7,185.7","785.54K","-0.74%"
"2019年12月23日","7,322.8","7,496.2","7,684.0","7,276.2","952.16K","-2.31%"
"2019年12月22日","7,495.8","7,156.3","7,501.1","7,142.0","677.94K","4.74%"
"2019年12月21日","7,156.2","7,196.4","7,197.6","7,129.6","468.74K","-0.56%"
"2019年12月20日","7,196.4","7,165.5","7,218.4","7,107.7","627.04K","0.43%"
"2019年12月19日","7,165.5","7,276.4","7,354.0","7,039.3","778.72K","-1.52%"
"2019年12月18日","7,276.0","6,613.5","7,387.7","6,462.2","1.14M","10.02%"
"2019年12月17日","6,613.3","6,903.5","6,943.5","6,575.0","894.55K","-4.20%"
"2019年12月16日","6,903.5","7,128.5","7,153.1","6,864.6","689.56K","-3.16%"
"2019年12月15日","7,128.5","7,080.8","7,175.8","7,033.8","492.58K","0.67%"
"2019年12月14日","7,080.8","7,255.2","7,267.4","7,043.3","524.56K","-2.40%"
"2019年12月13日","7,255.2","7,208.4","7,288.0","7,200.3","503.49K","0.65%"
"2019年12月12日","7,208.0","7,208.0","7,272.4","7,124.6","611.80K","0.00%"
"2019年12月11日","7,208.0","7,235.8","7,284.4","7,168.8","518.40K","-0.38%"
"2019年12月10日","7,235.7","7,356.2","7,400.3","7,192.1","609.50K","-1.63%"
"2019年12月9日","7,355.8","7,524.8","7,626.0","7,321.6","648.66K","-2.24%"
"2019年12月8日","7,524.4","7,510.8","7,576.4","7,416.7","499.04K","0.18%"
"2019年12月7日","7,510.9","7,530.4","7,595.7","7,489.6","557.14K","-0.26%"
"2019年12月6日","7,530.8","7,399.2","7,552.1","7,329.8","706.10K","1.78%"
"2019年12月5日","7,399.2","7,204.6","7,476.3","7,184.0","780.78K","2.70%"
"2019年12月4日","7,204.4","7,291.9","7,702.2","7,113.6","971.75K","-1.20%"
"2019年12月3日","7,291.8","7,298.1","7,389.4","7,227.1","548.77K","-0.09%"
"2019年12月2日","7,298.2","7,395.9","7,433.8","7,173.6","687.78K","-1.33%"
"2019年12月1日","7,396.4","7,546.5","7,546.5","7,244.4","777.00K","-1.99%"
"2019年11月30日","7,546.6","7,742.7","7,787.7","7,472.7","650.60K","-2.53%"
"2019年11月29日","7,742.7","7,426.6","7,825.3","7,412.3","766.71K","4.26%"
"2019年11月28日","7,426.7","7,510.6","7,639.5","7,380.6","737.58K","-1.12%"
"2019年11月27日","7,510.6","7,162.8","7,636.9","6,875.4","996.49K","4.86%"
"2019年11月26日","7,162.8","7,115.5","7,329.5","7,045.1","844.27K","0.66%"
"2019年11月25日","7,115.6","6,924.7","7,352.8","6,534.8","1.29M","2.76%"
"2019年11月24日","6,924.7","7,325.0","7,344.1","6,894.9","904.50K","-5.45%"
"2019年11月23日","7,324.1","7,271.6","7,342.5","7,093.7","783.18K","0.71%"
"2019年11月22日","7,272.5","7,627.9","7,700.9","6,818.5","1.41M","-4.66%"
"2019年11月21日","7,627.9","8,099.4","8,129.6","7,519.7","891.50K","-5.82%"
"2019年11月20日","8,099.3","8,145.7","8,223.0","8,074.2","607.27K","-0.57%"
"2019年11月19日","8,145.7","8,207.7","8,245.6","8,032.8","654.27K","-0.76%"
"2019年11月18日","8,208.4","8,510.3","8,516.3","8,110.4","692.60K","-3.54%"
"2019年11月17日","8,509.8","8,497.4","8,631.7","8,413.0","531.22K","0.15%"
"2019年11月16日","8,497.3","8,476.2","8,532.8","8,450.7","471.16K","0.25%"
"2019年11月15日","8,476.3","8,660.8","8,761.8","8,437.1","653.71K","-2.13%"
"2019年11月14日","8,661.2","8,782.9","8,799.8","8,615.8","515.43K","-1.39%"
"2019年11月13日","8,783.1","8,813.2","8,829.7","8,721.1","454.33K","-0.33%"
"2019年11月12日","8,812.6","8,737.4","8,841.2","8,615.7","575.16K","0.87%"
"2019年11月11日","8,736.9","9,036.9","9,066.4","8,649.4","601.16K","-3.32%"
"2019年11月10日","9,036.8","8,804.7","9,092.9","8,763.5","581.57K","2.64%"
"2019年11月9日","8,804.5","8,778.1","8,877.5","8,746.9","512.02K","0.30%"
"2019年11月8日","8,778.2","9,223.6","9,254.8","8,722.4","791.79K","-4.83%"
"2019年11月7日","9,223.5","9,339.2","9,367.0","9,130.0","603.54K","-1.24%"
"2019年11月6日","9,338.9","9,311.2","9,424.6","9,262.7","578.03K","0.30%"
"2019年11月5日","9,310.8","9,396.1","9,452.7","9,193.9","653.42K","-0.91%"
"2019年11月4日","9,396.4","9,198.7","9,500.4","9,134.1","681.01K","2.15%"
"2019年11月3日","9,198.3","9,300.5","9,359.1","9,095.0","536.56K","-1.10%"
"2019年11月2日","9,300.6","9,230.3","9,356.7","9,201.2","570.74K","0.76%"
"2019年11月1日","9,230.1","9,153.1","9,270.4","9,057.2","689.65K","0.85%"
"2019年10月31日","9,152.6","9,157.9","9,378.9","8,959.6","798.93K","-0.06%"
"2019年10月30日","9,157.9","9,411.3","9,411.3","9,018.4","789.73K","-2.69%"
"2019年10月29日","9,411.3","9,206.5","9,531.3","9,125.3","918.48K","2.22%"
"2019年10月28日","9,207.2","9,530.1","9,866.9","9,202.5","1.04M","-3.38%"
"2019年10月27日","9,529.6","9,230.6","9,773.2","9,081.0","1.16M","3.24%"
"2019年10月26日","9,230.6","8,658.4","10,540.0","8,061.8","1.78M","6.61%"
"2019年10月25日","8,658.3","7,422.8","8,697.7","7,404.9","1.18M","16.65%"
"2019年10月24日","7,422.7","7,476.8","7,501.5","7,366.3","586.49K","-0.73%"
"2019年10月23日","7,477.0","8,031.0","8,055.0","7,329.2","892.08K","-6.90%"
"2019年10月22日","8,031.4","8,207.4","8,289.1","8,017.7","570.39K","-2.15%"
"2019年10月21日","8,208.2","8,224.1","8,315.3","8,155.7","489.40K","-0.18%"
"2019年10月20日","8,223.4","7,957.4","8,288.5","7,889.6","513.91K","3.34%"
"2019年10月19日","7,957.3","7,948.3","8,060.2","7,892.4","428.83K","0.11%"
"2019年10月18日","7,948.5","8,073.3","8,116.4","7,842.0","505.79K","-1.55%"
"2019年10月17日","8,073.3","8,000.4","8,118.2","7,944.4","444.95K","0.91%"
"2019年10月16日","8,000.4","8,167.1","8,185.9","7,929.8","538.92K","-2.04%"
"2019年10月15日","8,167.2","8,353.4","8,400.2","8,139.5","469.73K","-2.23%"
"2019年10月14日","8,353.3","8,281.3","8,374.3","8,222.2","505.02K","0.87%"
"2019年10月13日","8,281.5","8,304.3","8,450.2","8,190.6","419.87K","-0.28%"
"2019年10月12日","8,304.4","8,267.6","8,394.8","8,260.9","424.02K","0.44%"
"2019年10月11日","8,267.8","8,562.2","8,751.1","8,249.7","667.86K","-3.44%"
"2019年10月10日","8,562.3","8,566.8","8,638.5","8,438.7","511.46K","-0.05%"
"2019年10月9日","8,566.7","8,180.1","8,655.9","8,122.7","636.43K","4.69%"
"2019年10月8日","8,182.9","8,198.5","8,323.1","8,118.1","469.04K","-0.19%"
"2019年10月7日","8,198.6","7,882.6","8,293.5","7,797.0","604.74K","4.02%"
"2019年10月6日","7,881.9","8,127.3","8,145.5","7,834.9","448.80K","-3.02%"
"2019年10月5日","8,127.3","8,148.0","8,185.1","8,030.6","360.92K","-0.25%"
"2019年10月4日","8,148.1","8,227.6","8,233.6","8,041.4","416.92K","-0.96%"
"2019年10月3日","8,226.9","8,363.6","8,391.7","8,090.1","460.97K","-1.64%"
"2019年10月2日","8,364.1","8,302.7","8,374.0","8,167.7","405.86K","0.74%"
"2019年10月1日","8,302.7","8,285.0","8,486.2","8,187.9","533.95K","0.22%"
"2019年9月30日","8,284.3","8,048.9","8,318.5","7,749.0","600.26K","2.92%"
"2019年9月29日","8,049.1","8,208.0","8,226.8","7,922.1","418.48K","-1.94%"
"2019年9月28日","8,208.5","8,184.5","8,297.2","8,031.1","457.79K","0.29%"
"2019年9月27日","8,184.9","8,063.8","8,257.4","7,882.1","561.40K","1.50%"
"2019年9月26日","8,063.8","8,432.5","8,463.1","7,773.6","731.03K","-4.37%"
"2019年9月25日","8,432.4","8,512.3","8,729.8","8,245.1","696.11K","-0.96%"
"2019年9月24日","8,513.9","9,702.7","9,793.8","8,069.4","933.16K","-12.25%"
"2019年9月23日","9,702.2","10,031.3","10,048.8","9,656.3","431.10K","-3.28%"
"2019年9月22日","10,031.6","9,993.0","10,075.0","9,870.9","337.06K","0.39%"
"2019年9月21日","9,993.0","10,172.8","10,177.9","9,939.8","326.17K","-1.77%"
"2019年9月20日","10,172.7","10,251.5","10,279.5","10,088.6","362.07K","-0.76%"
"2019年9月19日","10,250.5","10,164.6","10,297.6","9,707.6","542.25K","0.84%"
"2019年9月18日","10,164.7","10,195.7","10,257.5","10,119.3","318.82K","-0.30%"
"2019年9月17日","10,195.7","10,254.6","10,273.6","10,153.5","321.64K","-0.58%"
"2019年9月16日","10,255.5","10,311.3","10,360.5","10,108.5","372.53K","-0.54%"
"2019年9月15日","10,311.5","10,337.3","10,360.4","10,272.0","255.79K","-0.25%"
"2019年9月14日","10,337.3","10,342.2","10,421.4","10,253.7","326.44K","-0.05%"
"2019年9月13日","10,342.1","10,415.2","10,441.4","10,174.1","365.52K","-0.70%"
"2019年9月12日","10,415.1","10,162.4","10,447.9","10,051.0","413.22K","2.49%"
"2019年9月11日","10,162.5","10,104.9","10,257.5","9,908.9","413.06K","0.57%"
"2019年9月10日","10,105.4","10,308.7","10,379.8","9,970.7","383.22K","-1.98%"
"2019年9月9日","10,309.0","10,402.1","10,478.0","10,095.7","473.76K","-0.90%"
"2019年9月8日","10,402.8","10,461.6","10,578.0","10,266.3","339.73K","-0.56%"
"2019年9月7日","10,461.1","10,306.9","10,556.4","10,302.3","393.57K","1.47%"
"2019年9月6日","10,309.3","10,566.7","10,896.2","10,227.4","643.02K","-2.44%"
"2019年9月5日","10,566.9","10,567.8","10,630.7","10,469.9","402.09K","-0.01%"
"2019年9月4日","10,568.2","10,611.6","10,783.6","10,388.6","504.45K","-0.42%"
"2019年9月3日","10,612.3","10,348.1","10,756.8","10,283.5","578.79K","2.55%"
"2019年9月2日","10,348.8","9,728.8","10,431.5","9,720.3","542.79K","6.37%"
"2019年9月1日","9,729.3","9,594.7","9,799.5","9,533.6","322.66K","1.41%"
"2019年8月31日","9,594.4","9,585.5","9,677.5","9,457.3","311.49K","0.09%"
"2019年8月30日","9,585.4","9,494.1","9,675.7","9,370.2","413.92K","0.99%"
"2019年8月29日","9,491.0","9,729.1","9,729.1","9,343.0","509.13K","-2.45%"
"2019年8月28日","9,729.4","10,184.7","10,271.3","9,629.6","580.29K","-4.47%"
"2019年8月27日","10,184.8","10,372.2","10,387.6","10,060.2","419.81K","-1.80%"
"2019年8月26日","10,371.8","10,136.0","10,568.2","10,136.0","568.77K","2.32%"
"2019年8月25日","10,136.3","10,132.1","10,307.0","9,935.2","422.53K","0.05%"
"2019年8月24日","10,131.0","10,389.4","10,415.9","9,917.5","463.85K","-2.48%"
"2019年8月23日","10,388.7","10,104.9","10,434.3","9,921.4","436.26K","2.81%"
"2019年8月22日","10,105.0","10,141.1","10,218.2","9,777.0","520.75K","-0.36%"
"2019年8月21日","10,141.5","10,753.3","10,797.8","9,908.0","717.65K","-5.68%"
"2019年8月20日","10,752.6","10,911.2","10,941.6","10,581.0","515.47K","-1.45%"
"2019年8月19日","10,910.7","10,312.8","10,923.9","10,267.8","519.01K","5.80%"
"2019年8月18日","10,312.7","10,219.3","10,494.9","10,086.7","441.11K","0.93%"
"2019年8月17日","10,218.1","10,335.5","10,460.7","10,016.3","497.77K","-1.14%"
"2019年8月16日","10,335.6","10,300.9","10,734.0","9,788.6","798.67K","0.31%"
"2019年8月15日","10,303.4","10,053.3","10,448.2","9,580.1","930.05K","2.53%"
"2019年8月14日","10,049.4","10,894.2","10,894.5","9,965.5","745.59K","-7.74%"
"2019年8月13日","10,892.9","11,395.0","11,445.6","10,793.2","540.78K","-4.40%"
"2019年8月12日","11,394.2","11,505.1","11,508.6","11,267.3","391.08K","-1.07%"
"2019年8月11日","11,517.2","11,314.6","11,728.4","11,146.1","435.83K","1.79%"
"2019年8月10日","11,314.5","12,090.5","12,185.0","11,281.6","570.74K","-6.41%"
"2019年8月9日","12,089.8","12,190.0","12,225.3","11,885.0","558.72K","-0.84%"
"2019年8月8日","12,191.6","12,015.9","12,236.6","11,727.0","592.15K","1.48%"
"2019年8月7日","12,013.9","11,481.0","12,114.5","11,406.4","702.85K","4.64%"
"2019年8月6日","11,480.9","11,817.6","12,291.9","11,237.0","807.58K","-2.84%"
"2019年8月5日","11,816.8","10,934.8","11,922.3","10,934.8","769.63K","8.07%"
"2019年8月4日","10,934.6","10,816.1","11,017.7","10,568.8","585.71K","1.10%"
"2019年8月3日","10,815.7","10,519.9","10,893.6","10,504.5","508.75K","2.81%"
"2019年8月2日","10,520.1","10,380.5","10,664.8","10,330.5","578.29K","1.35%"
"2019年8月1日","10,380.0","10,081.9","10,459.0","9,890.6","608.37K","2.96%"
"2019年7月31日","10,082.0","9,580.3","10,100.0","9,562.4","589.84K","5.23%"
"2019年7月30日","9,580.7","9,580.0","9,703.0","9,483.0","511.51K","-0.00%"
"2019年7月29日","9,580.9","9,728.5","9,835.4","9,502.5","510.90K","-1.51%"
"2019年7月28日","9,727.8","9,491.1","9,798.5","9,401.1","518.59K","2.48%"
"2019年7月27日","9,492.1","9,830.4","10,232.3","9,389.1","661.89K","-3.45%"
"2019年7月26日","9,831.0","9,945.2","10,436.1","9,724.2","493.75K","-1.15%"
"2019年7月25日","9,945.3","9,804.7","10,203.5","9,776.6","545.85K","1.44%"
"2019年7月24日","9,804.3","9,887.2","9,945.3","9,584.0","639.54K","-0.85%"
"2019年7月23日","9,888.7","10,412.8","10,414.7","9,865.4","663.38K","-5.03%"
"2019年7月22日","10,412.5","10,715.1","10,806.3","10,196.5","591.27K","-2.82%"
"2019年7月21日","10,714.4","10,827.0","10,883.8","10,442.5","562.17K","-1.04%"
"2019年7月20日","10,826.7","10,571.9","11,155.6","10,462.0","668.94K","2.41%"
"2019年7月19日","10,571.5","10,651.6","10,758.4","10,160.7","727.79K","-0.75%"
"2019年7月18日","10,651.4","9,723.1","10,787.1","9,390.0","974.49K","9.55%"
"2019年7月17日","9,723.2","9,425.1","9,983.6","9,082.6","1.03M","3.17%"
"2019年7月16日","9,424.8","10,844.0","11,019.5","9,375.3","1.05M","-13.10%"
"2019年7月15日","10,845.9","10,199.9","11,064.7","9,885.4","956.52K","6.33%"
"2019年7月14日","10,200.1","11,364.3","11,448.7","10,128.9","840.76K","-10.25%"
"2019年7月13日","11,364.9","11,762.8","11,798.4","10,839.4","747.71K","-3.38%"
"2019年7月12日","11,762.1","11,343.7","11,881.4","11,109.8","738.17K","3.70%"
"2019年7月11日","11,342.3","12,111.6","12,111.6","11,029.0","943.13K","-6.34%"
"2019年7月10日","12,110.6","12,542.8","13,134.4","11,594.9","1.11M","-3.44%"
"2019年7月9日","12,541.5","12,250.6","12,772.9","12,111.2","847.84K","2.36%"
"2019年7月8日","12,252.6","11,415.8","12,332.3","11,304.8","695.60K","7.33%"
"2019年7月7日","11,415.9","11,267.9","11,524.6","11,108.1","601.93K","1.31%"
"2019年7月6日","11,268.0","10,969.8","11,650.2","10,967.9","688.96K","2.71%"
"2019年7月5日","10,970.2","11,159.7","11,381.8","10,810.3","772.67K","-1.73%"
"2019年7月4日","11,163.1","11,899.3","11,948.0","11,087.1","840.34K","-6.20%"
"2019年7月3日","11,900.8","10,835.9","11,931.8","10,835.9","998.73K","9.83%"
"2019年7月2日","10,835.9","10,615.5","10,923.5","9,728.5","1.12M","2.07%"
"2019年7月1日","10,616.6","10,821.4","11,254.5","10,041.6","1.04M","-1.87%"
"2019年6月30日","10,818.6","11,906.0","12,179.3","10,765.4","880.77K","-9.14%"
"2019年6月29日","11,906.5","12,408.0","12,422.9","11,490.8","834.62K","-4.05%"
"2019年6月28日","12,409.1","11,288.4","12,461.8","10,970.5","1.09M","9.93%"
"2019年6月27日","11,287.8","13,062.4","13,422.0","10,493.5","1.59M","-13.59%"
"2019年6月26日","13,063.8","11,811.6","13,929.8","11,747.3","1.48M","10.62%"
"2019年6月25日","11,809.9","11,046.6","11,833.9","11,033.7","781.09K","6.91%"
"2019年6月24日","11,046.4","10,897.3","11,114.4","10,622.6","566.96K","1.37%"
"2019年6月23日","10,897.1","10,721.5","11,361.3","10,557.8","683.79K","1.64%"
"2019年6月22日","10,721.7","10,178.1","11,160.5","10,031.3","1.09M","5.33%"
"2019年6月21日","10,179.3","9,517.7","10,184.3","9,517.4","769.12K","6.96%"
"2019年6月20日","9,517.0","9,255.0","9,583.9","9,188.4","693.62K","2.83%"
"2019年6月19日","9,255.4","9,080.7","9,295.1","9,044.0","587.57K","1.93%"
"2019年6月18日","9,080.6","9,318.9","9,336.1","8,962.7","723.17K","-2.56%"
"2019年6月17日","9,318.8","8,961.0","9,438.1","8,959.8","738.80K","3.98%"
"2019年6月16日","8,962.5","8,812.2","9,332.0","8,771.1","849.77K","1.70%"
"2019年6月15日","8,812.5","8,655.8","8,856.7","8,582.3","608.69K","1.81%"
"2019年6月14日","8,656.1","8,218.6","8,685.3","8,153.2","643.17K","5.32%"
"2019年6月13日","8,219.0","8,132.4","8,306.1","8,028.6","574.21K","1.06%"
"2019年6月12日","8,133.1","7,888.0","8,198.1","7,805.8","607.89K","3.11%"
"2019年6月11日","7,888.0","7,987.8","8,010.4","7,714.5","579.00K","-1.25%"
"2019年6月10日","7,987.8","7,635.0","8,012.8","7,523.6","641.38K","4.62%"
"2019年6月9日","7,635.0","7,901.6","7,937.5","7,516.9","554.48K","-3.37%"
"2019年6月8日","7,901.4","7,985.3","8,044.4","7,770.5","485.81K","-1.05%"
"2019年6月7日","7,985.2","7,785.8","8,099.4","7,749.4","588.87K","2.57%"
"2019年6月6日","7,784.9","7,779.6","7,861.4","7,480.4","651.82K","0.08%"
"2019年6月5日","7,779.1","7,685.6","7,885.0","7,590.4","762.94K","1.22%"
"2019年6月4日","7,685.5","8,118.1","8,118.1","7,494.0","966.95K","-5.41%"
"2019年6月3日","8,124.8","8,728.6","8,734.9","8,102.7","739.45K","-6.92%"
"2019年6月2日","8,728.6","8,545.8","8,807.7","8,534.8","614.54K","2.14%"
"2019年6月1日","8,545.7","8,556.9","8,615.8","8,454.0","686.75K","-0.15%"
"2019年5月31日","8,558.3","8,271.4","8,578.8","8,135.0","858.41K","3.46%"
"2019年5月30日","8,271.9","8,647.8","9,045.9","8,054.7","1.04M","-4.35%"
"2019年5月29日","8,647.8","8,715.6","8,747.2","8,435.3","15.43M","-0.79%"
"2019年5月28日","8,716.3","8,759.4","8,794.1","8,568.8","763.20K","-0.50%"
"2019年5月27日","8,760.1","8,628.9","8,902.8","8,607.3","907.96K","1.51%"
"2019年5月26日","8,630.2","8,029.6","8,718.6","7,866.5","872.12K","7.51%"
"2019年5月25日","8,027.4","7,971.4","8,090.1","7,919.1","691.27K","0.72%"
"2019年5月24日","7,970.1","7,852.8","8,124.1","7,775.4","868.47K","1.50%"
"2019年5月23日","7,852.1","7,637.2","7,939.1","7,486.8","815.14K","2.83%"
"2019年5月22日","7,635.7","7,928.7","7,999.0","7,545.9","821.40K","-3.72%"
"2019年5月21日","7,930.3","7,965.0","8,056.8","7,813.2","804.88K","-0.44%"
"2019年5月20日","7,965.3","8,156.4","8,156.4","7,604.0","958.81K","-2.35%"
"2019年5月19日","8,157.2","7,261.9","8,253.4","7,252.3","1.08M","12.32%"
"2019年5月18日","7,262.6","7,359.9","7,458.5","7,189.4","865.53K","-1.32%"
"2019年5月17日","7,359.5","7,871.9","7,924.0","6,998.6","1.43M","-6.51%"
"2019年5月16日","7,871.8","8,164.8","8,293.3","7,720.4","1.18M","-3.59%"
"2019年5月15日","8,164.6","7,994.8","8,225.3","7,856.5","1.13M","2.13%"
"2019年5月14日","7,994.6","7,806.4","8,323.9","7,674.0","1.33M","2.42%"
"2019年5月13日","7,806.0","6,984.7","8,058.3","6,893.1","1.20M","11.76%"
"2019年5月12日","6,984.8","7,190.0","7,518.9","6,802.6","1.35M","-2.86%"
"2019年5月11日","7,190.3","6,386.6","7,373.8","6,386.5","1.31M","12.59%"
"2019年5月10日","6,386.0","6,194.3","6,466.6","6,157.8","907.94K","3.14%"
"2019年5月9日","6,191.5","5,990.5","6,206.0","5,990.0","799.96K","3.36%"
"2019年5月8日","5,990.3","5,849.4","6,011.3","5,799.1","757.13K","2.41%"
"2019年5月7日","5,849.5","5,745.5","6,019.8","5,745.5","955.88K","1.82%"
"2019年5月6日","5,745.1","5,775.1","5,801.4","5,630.5","755.39K","-0.52%"
"2019年5月5日","5,774.9","5,830.8","5,838.2","5,708.2","709.02K","-0.96%"
"2019年5月4日","5,830.9","5,768.0","5,899.2","5,605.0","920.61K","1.11%"
"2019年5月3日","5,766.8","5,493.6","5,844.2","5,478.7","1.04M","4.97%"
"2019年5月2日","5,493.8","5,384.6","5,530.8","5,370.0","722.23K","2.04%"
"2019年5月1日","5,384.2","5,321.1","5,396.3","5,319.5","623.64K","1.19%"
"2019年4月30日","5,320.8","5,235.4","5,336.6","5,195.9","697.42K","1.64%"
"2019年4月29日","5,235.0","5,302.4","5,322.9","5,188.9","775.82K","-1.27%"
"2019年4月28日","5,302.3","5,265.7","5,332.5","5,234.4","681.41K","0.69%"
"2019年4月27日","5,265.9","5,298.2","5,318.1","5,225.4","833.13K","-0.61%"
"2019年4月26日","5,298.3","5,209.2","5,469.3","5,159.3","1.03M","1.71%"
"2019年4月25日","5,209.1","5,415.6","5,528.2","5,137.4","955.36K","-3.81%"
"2019年4月24日","5,415.6","5,511.2","5,589.6","5,346.8","994.04K","-1.74%"
"2019年4月23日","5,511.6","5,346.5","5,594.4","5,291.4","900.00K","3.08%"
"2019年4月22日","5,346.7","5,248.2","5,370.2","5,170.2","920.77K","1.97%"
"2019年4月21日","5,243.5","5,290.2","5,308.2","5,189.8","811.41K","-0.88%"
"2019年4月20日","5,290.2","5,241.0","5,327.0","5,240.2","782.32K","0.94%"
"2019年4月19日","5,241.0","5,264.8","5,282.4","5,192.1","787.09K","-0.45%"
"2019年4月18日","5,264.7","5,208.3","5,293.1","5,205.0","727.97K","1.08%"
"2019年4月17日","5,208.3","5,182.1","5,230.9","5,165.5","806.52K","0.53%"
"2019年4月16日","5,180.9","5,031.4","5,198.4","5,014.4","631.05K","2.95%"
"2019年4月15日","5,032.3","5,135.1","5,168.0","4,964.2","688.20K","-2.00%"
"2019年4月14日","5,134.8","5,052.0","5,153.5","5,010.7","566.38K","1.64%"
"2019年4月13日","5,051.8","5,054.2","5,093.4","5,011.6","577.16K","-0.05%"
"2019年4月12日","5,054.2","5,022.7","5,080.5","4,889.2","779.14K","0.63%"
"2019年4月11日","5,022.6","5,307.7","5,337.0","4,948.0","943.49K","-5.37%"
"2019年4月10日","5,307.8","5,158.4","5,404.1","5,142.9","837.51K","2.89%"
"2019年4月9日","5,158.4","5,245.0","5,245.9","5,095.2","784.62K","-1.65%"
"2019年4月8日","5,245.2","5,173.5","5,300.6","5,060.5","928.23K","1.38%"
"2019年4月7日","5,173.6","5,046.1","5,219.5","5,033.7","841.27K","2.53%"
"2019年4月6日","5,046.2","5,010.0","5,198.4","4,947.9","952.18K","0.72%"
"2019年4月5日","5,010.2","4,902.5","5,029.4","4,888.3","851.72K","2.20%"
"2019年4月4日","4,902.4","4,968.7","5,042.5","4,789.2","1.05M","-1.33%"
"2019年4月3日","4,968.7","4,859.3","5,278.4","4,814.0","13.83M","2.25%"
"2019年4月2日","4,859.3","4,145.1","4,899.6","4,143.5","14.77M","17.23%"
"2019年4月1日","4,145.1","4,102.3","4,159.1","4,076.8","3.22M","1.04%"
"2019年3月31日","4,102.3","4,111.8","4,121.9","4,082.2","2.43M","-0.23%"
"2019年3月30日","4,111.8","4,103.7","4,138.1","4,057.1","2.55M","0.23%"
"2019年3月29日","4,102.2","4,025.7","4,123.1","4,022.6","3.30M","1.90%"
"2019年3月28日","4,025.6","4,041.7","4,041.7","4,008.4","2.11M","-0.40%"
"2019年3月27日","4,041.7","3,942.8","4,043.3","3,936.2","2.78M","2.51%"
"2019年3月26日","3,942.8","3,937.1","3,950.7","3,899.9","2.53M","0.15%"
"2019年3月25日","3,937.0","3,994.8","4,000.5","3,897.9","2.86M","-1.44%"
"2019年3月24日","3,994.7","4,002.6","4,005.7","3,967.0","2.04M","-0.20%"
"2019年3月23日","4,002.5","3,990.4","4,018.2","3,980.8","2.00M","0.30%"
"2019年3月22日","3,990.4","3,982.2","4,005.7","3,971.8","2.83M","0.21%"
"2019年3月21日","3,982.2","4,041.2","4,064.0","3,923.8","3.88M","-1.46%"
"2019年3月20日","4,041.2","4,017.0","4,050.0","3,985.3","3.18M","0.60%"
"2019年3月19日","4,017.0","3,990.2","4,029.9","3,972.4","2.99M","0.67%"
"2019年3月18日","3,990.2","3,981.5","4,032.3","3,958.5","2.62M","0.22%"
"2019年3月17日","3,981.5","4,006.4","4,009.8","3,956.3","1.87M","-0.62%"
"2019年3月16日","4,006.4","3,924.4","4,050.6","3,923.7","3.46M","2.09%"
"2019年3月15日","3,924.3","3,879.0","3,935.7","3,874.8","3.11M","1.17%"
"2019年3月14日","3,879.0","3,865.1","3,914.7","3,828.4","2.86M","0.36%"
"2019年3月13日","3,865.1","3,885.9","3,894.7","3,847.4","2.28M","-0.54%"
"2019年3月12日","3,886.0","3,870.3","3,900.1","3,817.1","2.90M","0.41%"
"2019年3月11日","3,870.3","3,915.2","3,935.5","3,842.4","3.19M","-1.15%"
"2019年3月10日","3,915.2","3,944.4","3,944.5","3,889.2","1.89M","-0.74%"
"2019年3月9日","3,944.3","3,865.6","3,964.0","3,859.7","2.48M","2.03%"
"2019年3月8日","3,865.9","3,875.1","3,929.0","3,810.7","2.96M","-0.24%"
"2019年3月7日","3,875.1","3,863.1","3,907.4","3,847.9","2.60M","0.32%"
"2019年3月6日","3,863.0","3,857.2","3,887.3","3,816.7","2.52M","0.15%"
"2019年3月5日","3,857.2","3,715.9","3,873.2","3,705.7","3.82M","3.80%"
"2019年3月4日","3,715.9","3,809.7","3,828.4","3,681.8","2.85M","-2.45%"
"2019年3月3日","3,809.5","3,823.2","3,836.6","3,789.7","1.51M","-0.36%"
"2019年3月2日","3,823.1","3,821.9","3,843.2","3,783.6","1.61M","0.03%"
"2019年3月1日","3,821.9","3,816.7","3,855.8","3,816.4","1.74M","0.14%"
"2019年2月28日","3,816.6","3,814.6","3,883.7","3,783.3","2.31M","0.05%"
"2019年2月27日","3,814.6","3,810.3","3,836.4","3,701.9","2.82M","0.11%"
"2019年2月26日","3,810.3","3,833.5","3,845.5","3,775.0","2.09M","-0.61%"
"2019年2月25日","3,833.7","3,755.7","3,870.7","3,753.8","765.87K","2.09%"
"2019年2月24日","3,755.2","4,120.5","4,194.2","3,738.7","977.78K","-8.86%"
"2019年2月23日","4,120.4","3,965.2","4,152.6","3,939.4","727.85K","3.91%"
"2019年2月22日","3,965.2","3,937.4","3,983.1","3,931.7","649.55K","0.73%"
"2019年2月21日","3,936.6","3,972.0","4,011.5","3,909.2","668.16K","-0.90%"
"2019年2月20日","3,972.4","3,914.3","3,983.6","3,881.2","698.01K","1.48%"
"2019年2月19日","3,914.3","3,896.4","3,993.8","3,863.7","1.44M","0.47%"
"2019年2月18日","3,896.0","3,664.2","3,903.7","3,655.1","933.15K","6.33%"
"2019年2月17日","3,664.2","3,616.8","3,689.9","3,607.9","580.51K","1.31%"
"2019年2月16日","3,616.8","3,604.7","3,641.9","3,599.7","485.63K","0.34%"
"2019年2月15日","3,604.7","3,592.6","3,648.3","3,581.4","516.21K","0.34%"
"2019年2月14日","3,592.6","3,611.5","3,624.5","3,580.2","498.14K","-0.52%"
"2019年2月13日","3,611.5","3,632.0","3,663.5","3,599.2","558.02K","-0.56%"
"2019年2月12日","3,632.0","3,631.8","3,656.4","3,594.4","545.82K","0.01%"
"2019年2月11日","3,631.8","3,678.8","3,681.1","3,623.8","517.28K","-1.28%"
"2019年2月10日","3,679.0","3,661.0","3,680.6","3,617.1","501.90K","0.48%"
"2019年2月9日","3,661.4","3,661.6","3,675.3","3,633.2","454.80K","-0.01%"
"2019年2月8日","3,661.7","3,397.3","3,721.1","3,382.5","699.23K","7.77%"
"2019年2月7日","3,397.7","3,404.9","3,421.8","3,390.3","471.36K","-0.20%"
"2019年2月6日","3,404.3","3,468.5","3,478.0","3,383.9","514.21K","-1.85%"
"2019年2月5日","3,468.4","3,463.0","3,485.9","3,450.3","460.95K","0.16%"
"2019年2月4日","3,462.8","3,459.0","3,479.7","3,437.1","503.92K","0.11%"
"2019年2月3日","3,459.1","3,502.3","3,507.8","3,431.3","451.66K","-1.24%"
"2019年2月2日","3,502.5","3,467.9","3,514.5","3,447.8","443.60K","1.00%"
"2019年2月1日","3,467.9","3,437.7","3,485.7","3,415.3","481.58K","0.90%"
"2019年1月31日","3,437.2","3,460.0","3,484.7","3,427.0","477.07K","-0.66%"
"2019年1月30日","3,460.0","3,414.6","3,479.0","3,394.2","600.25K","1.32%"
"2019年1月29日","3,414.8","3,442.8","3,450.1","3,368.2","585.46K","-0.81%"
"2019年1月28日","3,442.8","3,555.8","3,561.2","3,395.7","620.85K","-3.17%"
"2019年1月27日","3,555.6","3,570.9","3,583.2","3,509.2","464.02K","-0.43%"
"2019年1月26日","3,570.9","3,572.0","3,652.5","3,556.1","432.55K","-0.03%"
"2019年1月25日","3,572.0","3,574.3","3,582.6","3,542.2","448.89K","-0.06%"
"2019年1月24日","3,574.3","3,561.4","3,587.0","3,539.7","428.60K","0.36%"
"2019年1月23日","3,561.5","3,580.1","3,608.3","3,532.8","445.87K","-0.52%"
"2019年1月22日","3,580.1","3,536.9","3,607.9","3,465.2","447.70K","1.23%"
"2019年1月21日","3,536.7","3,542.7","3,561.4","3,505.4","394.17K","-0.16%"
"2019年1月20日","3,542.3","3,676.2","3,699.1","3,503.9","563.31K","-3.68%"
"2019年1月19日","3,677.8","3,605.8","3,715.2","3,604.1","537.06K","2.00%"
"2019年1月18日","3,605.6","3,626.3","3,627.9","3,575.7","488.16K","-0.57%"
"2019年1月17日","3,626.4","3,588.1","3,636.7","3,554.8","525.10K","1.07%"
"2019年1月16日","3,588.0","3,570.6","3,644.1","3,561.4","487.34K","0.47%"
"2019年1月15日","3,571.3","3,637.5","3,660.8","3,545.7","544.85K","-1.84%"
"2019年1月14日","3,638.1","3,490.4","3,672.0","3,490.4","539.93K","4.24%"
"2019年1月13日","3,490.2","3,597.3","3,617.6","3,473.2","452.79K","-2.98%"
"2019年1月12日","3,597.2","3,616.6","3,633.9","3,561.3","435.06K","-0.53%"
"2019年1月11日","3,616.5","3,603.3","3,655.7","3,563.1","551.64K","0.35%"
"2019年1月10日","3,603.7","3,978.9","4,007.7","3,562.1","697.31K","-9.41%"
"2019年1月9日","3,978.0","3,971.0","4,014.2","3,957.5","473.42K","0.17%"
"2019年1月8日","3,971.0","3,985.8","4,070.5","3,943.1","514.08K","-0.37%"
"2019年1月7日","3,985.9","4,004.3","4,028.0","3,945.5","500.88K","-0.45%"
"2019年1月6日","4,004.1","3,785.7","4,034.1","3,758.5","529.89K","5.78%"
"2019年1月5日","3,785.4","3,802.8","3,846.7","3,769.0","468.45K","-0.46%"
"2019年1月4日","3,802.7","3,780.5","3,823.9","3,720.0","488.70K","0.60%"
"2019年1月3日","3,780.1","3,874.1","3,875.8","3,753.0","450.32K","-2.42%"
"2019年1月2日","3,873.8","3,809.7","3,894.8","3,768.1","554.47K","1.69%"
"2019年1月1日","3,809.4","3,709.5","3,814.3","3,664.4","469.11K","2.69%"
"2018年12月31日","3,709.4","3,815.1","3,819.6","3,658.8","545.83K","-2.77%"
"2018年12月30日","3,815.0","3,708.2","3,837.7","3,682.5","519.17K","2.92%"
"2018年12月29日","3,706.8","3,861.6","3,899.6","3,696.0","505.41K","-4.01%"
"2018年12月28日","3,861.6","3,587.1","3,900.3","3,565.5","565.24K","7.66%"
"2018年12月27日","3,586.9","3,793.4","3,822.6","3,560.8","543.44K","-5.45%"
"2018年12月26日","3,793.7","3,762.8","3,841.9","3,680.3","567.11K","0.83%"
"2018年12月25日","3,762.5","4,025.6","4,030.7","3,676.5","670.94K","-6.55%"
"2018年12月24日","4,026.1","3,944.5","4,208.2","3,941.9","716.29K","2.07%"
"2018年12月23日","3,944.4","3,964.3","4,037.1","3,904.6","572.21K","-0.50%"
"2018年12月22日","3,964.4","3,850.9","3,977.2","3,803.7","554.59K","2.95%"
"2018年12月21日","3,850.9","4,075.2","4,153.1","3,786.9","748.76K","-5.52%"
"2018年12月20日","4,076.0","3,687.2","4,140.3","3,665.8","958.58K","10.55%"
"2018年12月19日","3,687.1","3,668.1","3,924.7","3,647.5","792.40K","0.52%"
"2018年12月18日","3,668.0","3,526.0","3,683.1","3,456.9","698.53K","4.02%"
"2018年12月17日","3,526.1","3,248.3","3,597.4","3,243.1","534.78K","8.57%"
"2018年12月16日","3,247.9","3,228.6","3,305.0","3,225.9","335.69K","0.60%"
"2018年12月15日","3,228.7","3,247.8","3,282.3","3,177.0","332.95K","-0.59%"
"2018年12月14日","3,247.8","3,315.4","3,336.6","3,199.1","445.56K","-2.04%"
"2018年12月13日","3,315.3","3,466.2","3,474.4","3,284.8","435.89K","-4.35%"
"2018年12月12日","3,466.1","3,390.2","3,510.2","3,379.4","391.17K","1.72%"
"2018年12月11日","3,407.7","3,460.4","3,485.9","3,349.9","418.53K","-1.53%"
"2018年12月10日","3,460.5","3,566.9","3,622.4","3,412.7","394.49K","-3.00%"
"2018年12月9日","3,567.5","3,430.3","3,677.6","3,424.2","327.93K","4.00%"
"2018年12月8日","3,430.4","3,422.3","3,507.7","3,302.9","424.40K","0.24%"
"2018年12月7日","3,422.2","3,508.9","3,626.6","3,251.8","639.33K","-2.46%"
"2018年12月6日","3,508.6","3,771.4","3,887.2","3,505.7","467.54K","-6.97%"
"2018年12月5日","3,771.6","3,958.1","3,974.1","3,765.2","341.60K","-4.72%"
"2018年12月4日","3,958.5","3,899.9","4,082.9","3,809.3","326.71K","1.56%"
"2018年12月3日","3,897.8","4,160.3","4,177.0","3,839.9","355.10K","-6.31%"
"2018年12月2日","4,160.4","4,196.2","4,316.1","4,105.3","298.63K","-0.85%"
"2018年12月1日","4,196.2","4,038.7","4,299.1","3,967.1","316.30K","3.87%"
"2018年11月30日","4,039.7","4,296.8","4,340.6","3,954.5","444.52K","-5.98%"
"2018年11月29日","4,296.5","4,265.5","4,440.1","4,140.6","414.46K","0.73%"
"2018年11月28日","4,265.4","3,866.4","4,391.8","3,866.4","533.04K","10.32%"
"2018年11月27日","3,866.5","3,840.3","3,920.6","3,687.8","457.27K","0.77%"
"2018年11月26日","3,837.0","4,061.0","4,179.0","3,679.8","571.04K","-5.54%"
"2018年11月25日","4,062.2","3,920.3","4,198.4","3,634.2","619.95K","3.62%"
"2018年11月24日","3,920.4","4,397.3","4,494.6","3,821.5","382.72K","-10.86%"
"2018年11月23日","4,398.0","4,360.9","4,455.6","4,223.7","348.99K","0.96%"
"2018年11月22日","4,356.0","4,646.4","4,695.7","4,346.7","261.85K","-6.09%"
"2018年11月21日","4,638.7","4,523.0","4,743.7","4,393.0","412.74K","2.52%"
"2018年11月20日","4,524.6","4,883.6","5,013.4","4,272.3","714.08K","-7.36%"
"2018年11月19日","4,883.8","5,660.4","5,662.5","4,831.1","478.26K","-13.69%"
"2018年11月18日","5,658.3","5,621.0","5,727.9","5,615.5","158.68K","0.65%"
"2018年11月17日","5,621.8","5,636.2","5,645.5","5,561.4","156.51K","-0.26%"
"2018年11月16日","5,636.2","5,723.5","5,747.7","5,539.7","224.12K","-1.45%"
"2018年11月15日","5,718.9","5,854.0","5,878.5","5,384.1","375.86K","-2.11%"
"2018年11月14日","5,842.4","6,428.9","6,453.3","5,619.2","438.21K","-9.13%"
"2018年11月13日","6,429.2","6,435.0","6,466.8","6,386.7","137.60K","-0.09%"
"2018年11月12日","6,435.0","6,445.0","6,475.9","6,409.4","130.16K","-0.17%"
"2018年11月11日","6,446.1","6,427.1","6,451.7","6,359.0","127.40K","0.30%"
"2018年11月10日","6,427.1","6,411.9","6,461.7","6,411.7","115.87K","0.24%"
"2018年11月9日","6,412.0","6,473.8","6,496.1","6,390.0","151.60K","-0.96%"
"2018年11月8日","6,474.0","6,565.3","6,577.3","6,466.3","159.30K","-1.39%"
"2018年11月7日","6,565.3","6,503.1","6,594.3","6,502.0","170.76K","0.96%"
"2018年11月6日","6,502.8","6,460.4","6,509.6","6,441.6","154.87K","0.67%"
"2018年11月5日","6,459.7","6,478.2","6,489.2","6,431.7","128.51K","-0.29%"
"2018年11月4日","6,478.2","6,386.2","6,508.9","6,359.7","128.76K","1.44%"
"2018年11月3日","6,386.2","6,424.5","6,429.5","6,346.2","112.84K","-0.60%"
"2018年11月2日","6,424.7","6,400.5","6,444.3","6,390.9","135.87K","0.38%"
"2018年11月1日","6,400.5","6,365.9","6,421.8","6,354.2","124.16K","0.54%"
"2018年10月31日","6,365.9","6,327.9","6,405.7","6,257.8","129.06K","0.64%"
"2018年10月30日","6,325.7","6,336.7","6,469.9","6,316.5","128.21K","-0.15%"
"2018年10月29日","6,335.0","6,486.1","6,498.4","6,310.5","160.52K","-2.33%"
"2018年10月28日","6,486.1","6,494.6","6,502.2","6,461.2","93.97K","-0.12%"
"2018年10月27日","6,494.2","6,510.0","6,534.0","6,473.7","76.72K","-0.24%"
"2018年10月26日","6,510.0","6,507.0","6,570.5","6,498.5","97.17K","0.05%"
"2018年10月25日","6,507.0","6,532.5","6,544.8","6,491.5","97.43K","-0.36%"
"2018年10月24日","6,530.7","6,531.2","6,593.8","6,522.6","98.74K","0.03%"
"2018年10月23日","6,528.7","6,558.6","6,573.6","6,500.5","108.86K","-0.41%"
"2018年10月22日","6,555.8","6,583.0","6,612.7","6,529.5","101.57K","-0.41%"
"2018年10月21日","6,583.0","6,575.9","6,643.1","6,568.0","92.94K","0.16%"
"2018年10月20日","6,572.2","6,511.7","6,593.7","6,495.9","97.77K","0.92%"
"2018年10月19日","6,512.0","6,576.4","6,603.2","6,506.9","121.44K","-0.94%"
"2018年10月18日","6,574.1","6,690.1","6,736.3","6,530.6","134.15K","-1.68%"
"2018年10月17日","6,686.6","6,718.9","6,745.9","6,637.8","136.71K","-0.28%"
"2018年10月16日","6,705.3","6,712.4","6,836.7","6,645.4","155.85K","0.08%"
"2018年10月15日","6,699.8","6,326.8","7,358.4","6,300.2","443.33K","5.90%"
"2018年10月14日","6,326.8","6,321.6","6,390.9","6,300.0","99.38K","0.08%"
"2018年10月13日","6,321.7","6,291.3","6,329.3","6,282.8","94.45K","0.48%"
"2018年10月12日","6,291.3","6,239.2","6,344.8","6,206.8","147.40K","0.84%"
"2018年10月11日","6,239.1","6,618.0","6,622.5","6,206.2","245.28K","-5.72%"
"2018年10月10日","6,618.0","6,650.6","6,653.5","6,526.0","101.93K","-0.49%"
"2018年10月9日","6,650.8","6,669.6","6,678.9","6,613.3","80.79K","-0.28%"
"2018年10月8日","6,669.6","6,611.0","6,699.5","6,589.9","119.68K","0.89%"
"2018年10月7日","6,611.0","6,596.3","6,633.9","6,523.8","77.06K","0.22%"
"2018年10月6日","6,596.3","6,639.1","6,661.5","6,550.4","9.18M","-0.65%"
"2018年10月5日","6,639.1","6,584.2","6,682.3","6,537.6","9.34M","0.83%"
"2018年10月4日","6,584.2","6,509.2","6,653.0","6,487.8","9.31M","1.17%"
"2018年10月3日","6,507.8","6,549.9","6,563.5","6,429.6","9.21M","-0.64%"
"2018年10月2日","6,549.9","6,608.2","6,645.7","6,034.9","9.34M","-0.88%"
"2018年10月1日","6,608.2","6,635.2","6,674.7","6,072.7","9.19M","-0.41%"
"2018年9月30日","6,635.2","6,603.9","6,673.9","6,533.5","9.34M","0.47%"
"2018年9月29日","6,603.9","6,633.9","6,648.4","6,464.4","9.42M","-0.48%"
"2018年9月28日","6,636.0","6,685.7","6,809.2","6,538.6","9.57M","-0.79%"
"2018年9月27日","6,689.2","6,463.7","6,738.3","6,428.8","9.34M","3.42%"
"2018年9月26日","6,468.1","6,443.0","6,551.9","6,384.1","8.64M","0.36%"
"2018年9月25日","6,445.1","6,590.6","6,590.6","5,977.0","7.34M","-2.11%"
"2018年9月24日","6,584.1","6,713.3","6,728.1","6,559.1","7.57M","-1.79%"
"2018年9月23日","6,704.1","6,729.6","6,789.4","6,666.4","7.34M","-0.38%"
"2018年9月22日","6,729.6","6,766.7","6,833.3","6,635.5","7.31M","-0.55%"
"2018年9月21日","6,766.7","6,490.9","6,780.5","6,489.8","7.73M","4.28%"
"2018年9月20日","6,489.2","6,390.4","6,537.5","6,346.4","5.18M","1.55%"
"2018年9月19日","6,390.4","6,342.0","6,478.7","6,144.5","3.54M","0.76%"
"2018年9月18日","6,342.0","6,251.9","6,388.8","6,228.8","2.82M","1.44%"
"2018年9月17日","6,251.9","6,500.2","6,533.5","6,215.9","3.26M","-3.82%"
"2018年9月16日","6,500.2","6,519.0","6,520.8","6,406.2","3.34M","-0.29%"
"2018年9月15日","6,519.0","6,482.6","6,562.9","6,470.3","3.16M","0.54%"
"2018年9月14日","6,483.7","6,482.9","6,579.4","6,412.1","3.20M","0.01%"
"2018年9月13日","6,482.9","6,338.0","6,867.3","6,337.8","3.53M","2.29%"
"2018年9月12日","6,338.0","6,293.9","6,353.5","6,204.5","3.04M","0.70%"
"2018年9月11日","6,293.9","6,320.7","6,391.8","6,189.6","3.30M","-0.43%"
"2018年9月10日","6,321.0","6,238.5","6,358.5","6,237.3","3.11M","1.32%"
"2018年9月9日","6,238.5","6,184.3","6,432.6","6,148.8","2.84M","0.88%"
"2018年9月8日","6,184.3","6,390.9","6,484.3","6,132.3","3.46M","-3.23%"
"2018年9月7日","6,390.9","6,514.1","6,540.6","6,316.2","3.30M","-1.89%"
"2018年9月6日","6,514.0","6,706.8","6,732.9","6,337.8","4.02M","-2.87%"
"2018年9月5日","6,706.8","7,377.5","7,407.5","6,691.8","4.55M","-9.09%"
"2018年9月4日","7,377.5","7,264.2","7,409.9","7,234.5","3.92M","1.56%"
"2018年9月3日","7,264.2","7,289.8","7,330.7","7,182.8","3.87M","-0.41%"
"2018年9月2日","7,293.9","7,189.6","7,334.8","7,117.3","3.90M","1.45%"
"2018年9月1日","7,189.6","7,032.4","7,264.3","7,020.4","3.52M","2.21%"
"2018年8月31日","7,033.8","6,993.7","7,080.2","6,698.0","4.21M","0.57%"
"2018年8月30日","6,993.7","7,029.2","7,050.2","6,798.0","3.74M","-0.50%"
"2018年8月29日","7,029.1","7,074.6","7,121.4","6,926.7","4.11M","-0.64%"
"2018年8月28日","7,074.6","6,897.6","7,129.7","6,861.2","3.79M","2.57%"
"2018年8月27日","6,897.6","6,712.7","6,902.9","6,650.4","3.26M","2.75%"
"2018年8月26日","6,712.7","6,734.9","6,892.7","6,573.1","3.37M","-0.33%"
"2018年8月25日","6,734.8","6,680.6","6,783.4","6,655.3","3.59M","0.81%"
"2018年8月24日","6,680.4","6,521.2","6,721.2","6,472.8","3.70M","2.44%"
"2018年8月23日","6,521.2","6,359.9","6,550.2","6,359.2","2.76M","2.54%"
"2018年8月22日","6,359.6","6,482.2","6,840.8","6,304.8","3.63M","-1.89%"
"2018年8月21日","6,482.2","6,268.1","6,484.1","6,257.4","1.46M","3.41%"
"2018年8月20日","6,268.1","6,474.2","6,516.4","6,255.9","3.10M","-3.29%"
"2018年8月19日","6,481.5","6,379.1","6,534.8","6,316.0","2.71M","1.61%"
"2018年8月18日","6,379.1","6,581.8","6,626.4","6,295.5","3.15M","-3.08%"
"2018年8月17日","6,581.7","6,306.7","6,581.7","6,291.8","3.20M","4.36%"
"2018年8月16日","6,306.7","6,256.9","6,470.9","6,249.8","3.50M","0.80%"
"2018年8月15日","6,256.9","6,190.2","6,592.8","6,177.9","3.74M","1.08%"
"2018年8月14日","6,190.2","6,255.3","6,255.3","5,898.3","3.66M","-1.04%"
"2018年8月13日","6,255.3","6,313.0","6,524.1","6,159.6","234.09K","-0.91%"
"2018年8月12日","6,313.0","6,232.1","6,453.0","6,169.8","216.33K","1.31%"
"2018年8月11日","6,231.6","6,152.8","6,469.6","6,009.8","247.34K","1.29%"
"2018年8月10日","6,152.3","6,539.5","6,570.2","6,043.4","298.82K","-5.91%"
"2018年8月9日","6,538.8","6,283.7","6,620.2","6,197.0","237.66K","4.06%"
"2018年8月8日","6,283.6","6,725.2","6,725.2","6,138.8","311.54K","-6.56%"
"2018年8月7日","6,724.9","6,943.6","7,149.7","6,689.9","232.48K","-3.15%"
"2018年8月6日","6,943.6","7,027.8","7,143.6","6,852.5","168.87K","-1.19%"
"2018年8月5日","7,027.1","7,014.0","7,087.6","6,887.9","177.64K","0.18%"
"2018年8月4日","7,014.3","7,418.9","7,484.2","6,949.7","222.57K","-5.46%"
"2018年8月3日","7,419.0","7,535.6","7,535.6","7,293.5","226.46K","-1.55%"
"2018年8月2日","7,535.6","7,606.4","7,701.4","7,470.6","216.34K","-0.93%"
"2018年8月1日","7,606.4","7,728.5","7,753.2","7,449.2","237.69K","-1.59%"
"2018年7月31日","7,729.4","8,176.4","8,176.5","7,649.8","266.94K","-5.48%"
"2018年7月30日","8,177.1","8,214.7","8,262.0","7,874.4","242.21K","-0.47%"
"2018年7月29日","8,215.6","8,231.5","8,275.4","8,113.3","155.24K","-0.22%"
"2018年7月28日","8,234.1","8,186.8","8,234.1","8,077.4","147.14K","0.57%"
"2018年7月27日","8,187.4","7,936.9","8,273.8","7,808.3","243.22K","3.15%"
"2018年7月26日","7,937.0","8,173.9","8,304.3","7,861.0","235.45K","-2.90%"
"2018年7月25日","8,173.7","8,404.9","8,484.6","8,062.1","269.23K","-2.78%"
"2018年7月24日","8,407.0","7,723.1","8,479.8","7,701.9","345.32K","8.86%"
"2018年7月23日","7,723.0","7,412.4","7,809.6","7,379.2","272.15K","4.19%"
"2018年7月22日","7,412.3","7,409.0","7,575.3","7,343.7","204.16K","0.05%"
"2018年7月21日","7,408.7","7,339.3","7,460.8","7,223.5","160.77K","0.95%"
"2018年7月20日","7,339.4","7,477.6","7,683.6","7,292.0","258.85K","-1.85%"
"2018年7月19日","7,477.5","7,383.9","7,558.4","7,288.8","247.25K","1.27%"
"2018年7月18日","7,383.6","7,321.6","7,581.2","7,249.3","333.32K","0.84%"
"2018年7月17日","7,322.0","6,729.8","7,453.2","6,666.0","337.75K","8.80%"
"2018年7月16日","6,729.9","6,362.8","6,749.2","6,344.1","312.12K","5.77%"
"2018年7月15日","6,362.9","6,254.8","6,399.6","6,238.5","180.67K","1.73%"
"2018年7月14日","6,254.8","6,229.5","6,313.5","6,192.5","243.71K","0.40%"
"2018年7月13日","6,230.2","6,250.8","6,333.8","6,144.5","233.22K","-0.33%"
"2018年7月12日","6,250.6","6,389.1","6,389.4","6,088.8","289.24K","-2.17%"
"2018年7月11日","6,389.1","6,307.2","6,409.7","6,296.6","243.82K","1.30%"
"2018年7月10日","6,307.2","6,668.4","6,686.8","6,291.5","315.27K","-5.40%"
"2018年7月9日","6,667.1","6,715.1","6,793.8","6,637.7","289.48K","-0.71%"
"2018年7月8日","6,714.8","6,765.4","6,784.0","6,694.3","267.60K","-0.75%"
"2018年7月7日","6,765.5","6,617.7","6,805.9","6,531.1","114.57K","2.23%"
"2018年7月6日","6,617.7","6,546.5","6,638.2","6,458.3","132.69K","1.09%"
"2018年7月5日","6,546.5","6,598.0","6,693.6","6,466.1","166.18K","-0.79%"
"2018年7月4日","6,598.4","6,513.8","6,774.5","6,442.3","143.04K","1.30%"
"2018年7月3日","6,513.5","6,618.6","6,676.6","6,513.5","150.19K","-1.60%"
"2018年7月2日","6,619.5","6,349.1","6,680.0","6,275.0","179.92K","3.97%"
"2018年7月1日","6,366.8","6,398.5","6,445.1","6,284.7","128.51K","-0.50%"
"2018年6月30日","6,398.9","6,213.4","6,498.5","6,204.0","189.33K","2.99%"
"2018年6月29日","6,213.3","5,883.2","6,284.9","5,818.5","206.96K","5.61%"
"2018年6月28日","5,883.5","6,154.9","6,178.4","5,854.0","156.05K","-4.41%"
"2018年6月27日","6,154.9","6,081.1","6,187.3","6,025.4","133.42K","1.20%"
"2018年6月26日","6,082.1","6,256.9","6,267.7","6,060.0","176.66K","-2.79%"
"2018年6月25日","6,256.6","6,155.1","6,331.2","6,101.7","210.69K","1.66%"
"2018年6月24日","6,154.6","6,167.9","6,248.3","5,785.3","240.60K","-0.21%"
"2018年6月23日","6,167.3","6,055.2","6,259.0","6,032.8","142.90K","1.84%"
"2018年6月22日","6,055.7","6,728.2","6,739.7","5,955.0","278.22K","-9.99%"
"2018年6月21日","6,728.0","6,765.8","6,797.5","6,695.1","99.29K","-0.55%"
"2018年6月20日","6,765.4","6,752.3","6,812.7","6,575.1","121.48K","0.19%"
"2018年6月19日","6,752.4","6,719.8","6,839.5","6,681.5","120.54K","0.49%"
"2018年6月18日","6,719.8","6,460.5","6,794.5","6,410.9","135.70K","4.02%"
"2018年6月17日","6,460.3","6,505.8","6,593.0","6,452.1","90.67K","-0.70%"
"2018年6月16日","6,505.8","6,410.0","6,564.2","6,358.0","108.79K","1.49%"
"2018年6月15日","6,410.3","6,647.3","6,655.8","6,395.7","143.53K","-3.56%"
"2018年6月14日","6,647.1","6,312.3","6,711.5","6,283.6","201.54K","5.30%"
"2018年6月13日","6,312.3","6,558.5","6,624.6","6,129.1","237.48K","-3.75%"
"2018年6月12日","6,558.2","6,885.9","6,887.2","6,476.0","178.26K","-4.76%"
"2018年6月11日","6,885.9","6,775.2","6,910.8","6,657.2","174.88K","1.64%"
"2018年6月10日","6,775.1","7,515.8","7,516.3","6,668.1","275.69K","-9.85%"
"2018年6月9日","7,515.8","7,622.1","7,689.0","7,493.3","97.56K","-1.40%"
"2018年6月8日","7,622.1","7,697.9","7,710.5","7,556.9","112.88K","-0.98%"
"2018年6月7日","7,697.8","7,661.0","7,754.7","7,657.7","124.00K","0.48%"
"2018年6月6日","7,661.0","7,631.5","7,699.1","7,504.4","130.66K","0.39%"
"2018年6月5日","7,631.5","7,507.4","7,672.6","7,391.0","145.23K","1.69%"
"2018年6月4日","7,504.3","7,729.3","7,759.9","7,468.4","141.01K","-2.91%"
"2018年6月3日","7,729.3","7,646.6","7,775.0","7,611.3","116.68K","1.08%"
"2018年6月2日","7,646.6","7,530.8","7,694.5","7,467.9","121.18K","1.54%"
"2018年6月1日","7,530.8","7,502.5","7,610.4","7,375.8","135.92K","0.38%"
"2018年5月31日","7,502.6","7,400.8","7,611.9","7,355.0","144.52K","1.39%"
"2018年5月30日","7,400.1","7,469.2","7,565.2","7,306.8","140.37K","-0.91%"
"2018年5月29日","7,467.7","7,119.3","7,533.0","7,069.8","186.97K","4.89%"
"2018年5月28日","7,119.3","7,367.3","7,446.9","7,090.6","152.29K","-3.36%"
"2018年5月27日","7,366.7","7,361.9","7,411.8","7,267.5","103.29K","0.07%"
"2018年5月26日","7,361.3","7,478.5","7,619.3","7,331.5","103.07K","-1.56%"
"2018年5月25日","7,477.7","7,593.9","7,653.4","7,355.6","161.82K","-1.52%"
"2018年5月24日","7,592.9","7,512.3","7,736.6","7,293.4","211.11K","1.07%"
"2018年5月23日","7,512.3","8,005.7","8,047.4","7,467.6","237.60K","-6.17%"
"2018年5月22日","8,006.0","8,403.8","8,414.5","7,979.3","137.51K","-4.73%"
"2018年5月21日","8,403.3","8,529.5","8,550.6","8,375.5","115.52K","-1.47%"
"2018年5月20日","8,529.0","8,243.9","8,580.4","8,184.7","113.76K","3.44%"
"2018年5月19日","8,245.1","8,244.7","8,389.1","8,153.2","107.89K","-0.01%"
"2018年5月18日","8,245.7","8,064.4","8,273.6","7,939.8","150.32K","2.27%"
"2018年5月17日","8,063.0","8,344.6","8,458.7","8,022.3","154.36K","-3.37%"
"2018年5月16日","8,344.4","8,477.0","8,496.4","8,120.1","188.03K","-1.56%"
"2018年5月15日","8,477.0","8,674.0","8,842.1","8,436.5","179.62K","-2.27%"
"2018年5月14日","8,674.1","8,693.4","8,878.3","8,305.1","212.05K","-0.22%"
"2018年5月13日","8,693.5","8,489.1","8,758.4","8,330.0","149.80K","2.77%"
"2018年5月12日","8,459.5","8,409.6","8,646.1","8,184.1","210.87K","0.61%"
"2018年5月11日","8,408.3","9,026.0","9,028.7","8,359.6","270.62K","-6.84%"
"2018年5月10日","9,025.7","9,319.2","9,393.3","9,013.4","152.71K","-3.15%"
"2018年5月9日","9,319.1","9,194.9","9,377.9","8,988.0","147.89K","1.33%"
"2018年5月8日","9,196.4","9,373.9","9,404.4","9,079.8","157.45K","-2.49%"
"2018年5月7日","9,431.6","9,651.1","9,675.6","9,204.2","165.08K","-2.33%"
"2018年5月6日","9,656.4","9,859.6","9,957.7","9,446.7","150.95K","-2.00%"
"2018年5月5日","9,853.5","9,709.5","9,992.8","9,691.3","158.45K","1.49%"
"2018年5月4日","9,708.6","9,747.6","9,800.9","9,549.0","161.55K","-0.42%"
"2018年5月3日","9,749.7","9,244.2","9,809.4","9,171.4","201.18K","5.48%"
"2018年5月2日","9,243.2","9,076.8","9,265.7","8,991.9","137.48K","1.85%"
"2018年5月1日","9,074.9","9,245.1","9,245.1","8,851.0","173.35K","-1.84%"
"2018年4月30日","9,245.1","9,415.8","9,456.7","9,135.4","156.83K","-1.80%"
"2018年4月29日","9,415.1","9,352.2","9,565.1","9,182.8","184.72K","0.67%"
"2018年4月28日","9,352.4","8,940.8","9,428.9","8,895.5","199.78K","4.60%"
"2018年4月27日","8,940.9","9,282.8","9,386.3","8,920.2","184.91K","-3.73%"
"2018年4月26日","9,287.0","8,874.5","9,303.6","8,669.8","248.39K","4.67%"
"2018年4月25日","8,873.1","9,645.0","9,753.1","8,768.1","395.67K","-8.01%"
"2018年4月24日","9,645.3","8,952.7","9,734.8","8,937.0","260.79K","7.73%"
"2018年4月23日","8,952.8","8,809.3","9,001.0","8,785.3","147.54K","1.66%"
"2018年4月22日","8,806.7","8,923.6","9,022.3","8,766.5","161.89K","-1.30%"
"2018年4月21日","8,923.1","8,867.0","9,027.7","8,614.5","206.01K","0.63%"
"2018年4月20日","8,867.0","8,292.3","8,926.2","8,224.5","225.96K","6.95%"
"2018年4月19日","8,290.8","8,179.0","8,303.7","8,126.7","155.08K","1.37%"
"2018年4月18日","8,178.4","7,908.5","8,227.6","7,895.3","163.26K","3.41%"
"2018年4月17日","7,908.6","8,070.0","8,171.7","7,852.8","162.59K","-2.00%"
"2018年4月16日","8,070.0","8,362.2","8,412.9","7,908.5","197.70K","-3.51%"
"2018年4月15日","8,363.6","8,004.6","8,411.5","8,004.6","160.26K","4.49%"
"2018年4月14日","8,004.4","7,891.1","8,180.2","7,839.3","164.71K","1.48%"
"2018年4月13日","7,887.4","7,926.9","8,228.0","7,756.6","296.95K","-0.49%"
"2018年4月12日","7,926.6","6,963.3","8,009.6","6,779.3","398.30K","13.85%"
"2018年4月11日","6,962.1","6,855.6","6,988.6","6,818.4","142.07K","1.56%"
"2018年4月10日","6,854.8","6,782.6","6,899.5","6,671.6","134.23K","1.08%"
"2018年4月9日","6,781.9","7,035.7","7,192.5","6,633.2","241.19K","-3.54%"
"2018年4月8日","7,030.5","6,905.9","7,113.4","6,903.9","132.51K","1.81%"
"2018年4月7日","6,905.7","6,624.5","7,071.9","6,616.1","177.10K","4.25%"
"2018年4月6日","6,624.3","6,783.7","6,859.7","6,523.4","174.90K","-2.33%"
"2018年4月5日","6,782.0","6,808.7","6,918.2","6,592.5","221.70K","-0.40%"
"2018年4月4日","6,808.9","7,423.8","7,432.9","6,726.9","239.51K","-8.29%"
"2018年4月3日","7,424.2","7,067.2","7,519.3","7,032.9","230.80K","5.03%"
"2018年4月2日","7,068.4","6,825.4","7,121.3","6,787.6","199.31K","3.56%"
"2018年4月1日","6,825.2","6,939.1","7,047.7","6,460.1","257.53K","-1.63%"
"2018年3月31日","6,938.2","6,856.5","7,221.5","6,804.9","245.30K","1.23%"
"2018年3月30日","6,853.7","7,132.4","7,288.1","6,603.8","417.31K","-3.86%"
"2018年3月29日","7,129.2","7,955.2","7,980.7","6,954.9","348.75K","-10.38%"
"2018年3月28日","7,954.9","7,803.0","8,110.4","7,754.5","167.36K","1.96%"
"2018年3月27日","7,801.7","8,146.5","8,218.3","7,760.6","223.10K","-4.20%"
"2018年3月26日","8,143.5","8,474.0","8,515.7","7,865.9","247.18K","-3.89%"
"2018年3月25日","8,473.2","8,549.1","8,679.0","8,392.2","149.52K","-0.87%"
"2018年3月24日","8,547.4","8,917.3","9,008.8","8,523.6","177.43K","-4.14%"
"2018年3月23日","8,916.8","8,725.3","8,917.0","8,305.6","210.11K","2.18%"
"2018年3月22日","8,726.2","8,903.7","9,096.2","8,499.1","223.01K","-2.02%"
"2018年3月21日","8,905.9","8,912.4","9,173.4","8,775.1","218.19K","-0.08%"
"2018年3月20日","8,912.6","8,614.1","9,039.6","8,326.8","253.44K","3.43%"
"2018年3月19日","8,616.8","8,200.9","8,698.3","8,127.7","316.96K","5.07%"
"2018年3月18日","8,201.2","7,873.2","8,283.6","7,323.3","348.02K","4.14%"
"2018年3月17日","7,874.9","8,198.0","8,344.8","7,760.2","208.05K","-5.00%"
"2018年3月16日","8,289.2","8,264.3","8,604.8","7,929.1","236.13K","0.30%"
"2018年3月15日","8,264.4","8,210.2","8,427.0","7,691.7","326.53K","0.66%"
"2018年3月14日","8,210.6","9,154.9","9,353.4","7,958.5","305.45K","-10.32%"
"2018年3月13日","9,154.9","9,138.7","9,482.0","8,875.1","239.46K","0.19%"
"2018年3月12日","9,137.4","9,535.8","9,892.2","8,804.1","257.91K","-4.12%"
"2018年3月11日","9,529.6","8,732.2","9,719.6","8,516.4","266.59K","8.76%"
"2018年3月10日","8,762.0","9,216.2","9,500.0","8,691.1","198.73K","-4.94%"
"2018年3月9日","9,217.0","9,301.9","9,420.5","8,351.0","371.46K","-0.89%"
"2018年3月8日","9,300.0","9,910.7","10,109.0","9,037.0","256.26K","-6.09%"
"2018年3月7日","9,902.9","10,779.0","10,899.0","9,422.1","284.54K","-7.23%"
"2018年3月6日","10,675.1","11,314.2","11,316.4","10,412.0","230.65K","-5.78%"
"2018年3月5日","11,330.6","11,415.7","11,506.9","11,281.2","162.11K","-0.75%"
"2018年3月4日","11,416.5","11,402.8","11,490.3","10,878.4","156.40K","0.12%"
"2018年3月3日","11,402.3","10,822.5","11,420.7","9,585.5","172.20K","5.31%"
"2018年3月2日","10,827.7","10,904.5","11,167.0","10,677.1","201.69K","-0.70%"
"2018年3月1日","10,904.5","10,335.1","11,047.8","10,248.7","188.77K","5.52%"
"2018年2月28日","10,333.9","10,584.4","11,070.7","10,303.4","215.22K","-2.46%"
"2018年2月27日","10,594.4","10,287.8","10,867.2","10,120.5","202.58K","3.01%"
"2018年2月26日","10,285.1","9,590.9","10,378.4","9,410.3","235.94K","7.30%"
"2018年2月25日","9,585.2","9,703.1","9,860.3","9,330.1","196.49K","-1.23%"
"2018年2月24日","9,704.3","10,163.8","10,506.1","9,394.5","239.16K","-4.58%"
"2018年2月23日","10,170.4","9,840.6","10,419.1","9,597.8","271.50K","3.34%"
"2018年2月22日","9,841.7","10,470.1","10,930.2","9,743.9","316.63K","-6.03%"
"2018年2月21日","10,473.0","11,240.9","11,289.7","10,252.2","327.14K","-6.81%"
"2018年2月20日","11,238.7","11,169.7","11,791.5","11,119.9","267.56K","0.62%"
"2018年2月19日","11,169.4","10,396.6","11,250.5","10,324.8","215.20K","7.41%"
"2018年2月18日","10,398.8","11,073.7","11,271.6","10,137.2","288.91K","-6.09%"
"2018年2月17日","11,073.5","10,177.3","11,095.9","10,070.9","224.76K","8.79%"
"2018年2月16日","10,178.7","10,031.3","10,294.3","9,707.7","206.44K","1.41%"
"2018年2月15日","10,037.3","9,475.6","10,206.8","9,348.5","291.28K","5.92%"